name,alpha-2,alpha-3,id,iso_3166-2,region,subregion,region-code,sub-region-code
Afghanistan,AF,AFG,004,ISO 3166-2:AF,Asia,Southern Asia,142,034
Albania,AL,ALB,008,ISO 3166-2:AL,Europe,Southern Europe,150,039
Algeria,DZ,DZA,012,ISO 3166-2:DZ,Africa, North Africa,002,015
American Samoa,AS,ASM,016,ISO 3166-2:AS,Oceania,Polynesia,009,061
Andorra,AD,AND,020,ISO 3166-2:AD,Europe,Southern Europe,150,039
Angola,AO,AGO,024,ISO 3166-2:AO,Africa,Middle Africa,002,017
Antigua and Barbuda,AG,ATG,028,ISO 3166-2:AG, North America,Caribbean,019,029
Argentina,AR,ARG,032,ISO 3166-2:AR,South America,South America,019,005
Armenia,AM,ARM,051,ISO 3166-2:AM,Middle East,Middle East,142,145
Australia,AU,AUS,036,ISO 3166-2:AU,Oceania,Oceania,009,053
Austria,AT,AUT,040,ISO 3166-2:AT,Europe,Western Europe,150,155
Azerbaijan,AZ,AZE,031,ISO 3166-2:AZ,Middle East,Middle East,142,145
Bahamas,BS,BHS,044,ISO 3166-2:BS, North America,Caribbean,019,029
Bahrain,BH,BHR,048,ISO 3166-2:BH,Middle East,Middle East,142,145
Bangladesh,BD,BGD,050,ISO 3166-2:BD,Asia,Southern Asia,142,034
Barbados,BB,BRB,052,ISO 3166-2:BB, North America,Caribbean,019,029
Belarus,BY,BLR,112,ISO 3166-2:BY,Europe,Eastern Europe,150,151
Belgium,BE,BEL,056,ISO 3166-2:BE,Europe,Western Europe,150,155
Belize,BZ,BLZ,084,ISO 3166-2:BZ,North America,Central America,019,013
Benin,BJ,BEN,204,ISO 3166-2:BJ,Africa,Western Africa,002,011
Bermuda,BM,BMU,060,ISO 3166-2:BM,North America,North America,019,021
Bhutan,BT,BTN,064,ISO 3166-2:BT,Asia,Southern Asia,142,034
Bolivia,BO,BOL,068,ISO 3166-2:BO,South America,South America,019,005
Bosnia and Herzegovina,BA,BIH,070,ISO 3166-2:BA,Europe,Southern Europe,150,039
Botswana,BW,BWA,072,ISO 3166-2:BW,Africa,Southern Africa,002,018
Brazil,BR,BRA,076,ISO 3166-2:BR,South America,South America,019,005
Brunei Darussalam,BN,BRN,096,ISO 3166-2:BN,Asia,South East Asia,142,035
Bulgaria,BG,BGR,100,ISO 3166-2:BG,Europe,Eastern Europe,150,151
Burkina Faso,BF,BFA,854,ISO 3166-2:BF,Africa,Western Africa,002,011
Burundi,BI,BDI,108,ISO 3166-2:BI,Africa,Eastern Africa,002,014
Cambodia,KH,KHM,116,ISO 3166-2:KH,Asia,South East Asia,142,035
Cameroon,CM,CMR,120,ISO 3166-2:CM,Africa,Middle Africa,002,017
Canada,CA,CAN,124,ISO 3166-2:CA,North America,North America,019,021
Cabo Verde,CV,CPV,132,ISO 3166-2:CV,Africa,Western Africa,002,011
Central African Republic,CF,CAF,140,ISO 3166-2:CF,Africa,Middle Africa,002,017
Chad,TD,TCD,148,ISO 3166-2:TD,Africa,Middle Africa,002,017
Chile,CL,CHL,152,ISO 3166-2:CL,South America,South America,019,005
China,CN,CHN,156,ISO 3166-2:CN,Asia,Eastern Asia,142,030
Colombia,CO,COL,170,ISO 3166-2:CO,South America,South America,019,005
Comoros,KM,COM,174,ISO 3166-2:KM,Africa,Eastern Africa,002,014
Republic of the Congo,CG,COG,178,ISO 3166-2:CG,Africa,Middle Africa,002,017
Democratic Republic of the Congo,CD,COD,180,ISO 3166-2:CD,Africa,Middle Africa,002,017
Costa Rica,CR,CRI,188,ISO 3166-2:CR,North America,Central America,019,013
Cote d'Ivoire,CI,CIV,384,ISO 3166-2:CI,Africa,Western Africa,002,011
Croatia,HR,HRV,191,ISO 3166-2:HR,Europe,Southern Europe,150,039
Cuba,CU,CUB,192,ISO 3166-2:CU,North America,Caribbean,019,029
Cyprus,CY,CYP,196,ISO 3166-2:CY,Europe,Middle East,142,145
Czech Republic,CZ,CZE,203,ISO 3166-2:CZ,Europe,Eastern Europe,150,151
Denmark,DK,DNK,208,ISO 3166-2:DK,Europe,Northern Europe,150,154
Djibouti,DJ,DJI,262,ISO 3166-2:DJ,Africa,Eastern Africa,002,014
Dominica,DM,DMA,212,ISO 3166-2:DM,North America,Caribbean,019,029
Dominican Republic,DO,DOM,214,ISO 3166-2:DO,North America,Caribbean,019,029
Ecuador,EC,ECU,218,ISO 3166-2:EC,South America,South America,019,005
Egypt,EG,EGY,818,ISO 3166-2:EG,Africa,North Africa,002,015
El Salvador,SV,SLV,222,ISO 3166-2:SV,North America,Central America,019,013
Equatorial Guinea,GQ,GNQ,226,ISO 3166-2:GQ,Africa,Middle Africa,002,017
Eritrea,ER,ERI,232,ISO 3166-2:ER,Africa,Eastern Africa,002,014
Estonia,EE,EST,233,ISO 3166-2:EE,Europe,Northern Europe,150,154
Ethiopia,ET,ETH,231,ISO 3166-2:ET,Africa,Eastern Africa,002,014
Falkland Islands (UK),FK,FLK,238,ISO 3166-2:FK,South America,South America,019,005
Faroe Islands,FO,FRO,234,ISO 3166-2:FO,Europe,Northern Europe,150,154
Fiji,FJ,FJI,242,ISO 3166-2:FJ,Oceania,Oceania,009,054
Finland,FI,FIN,246,ISO 3166-2:FI,Europe,Northern Europe,150,154
France,FR,FRA,250,ISO 3166-2:FR,Europe,Western Europe,150,155
French Polynesia,PF,PYF,258,ISO 3166-2:PF,Oceania,Polynesia,009,061
Gabon,GA,GAB,266,ISO 3166-2:GA,Africa,Middle Africa,002,017
The Gambia,GM,GMB,270,ISO 3166-2:GM,Africa,Western Africa,002,011
Georgia,GE,GEO,268,ISO 3166-2:GE,Middle East,Middle East,142,145
Germany,DE,DEU,276,ISO 3166-2:DE,Europe,Western Europe,150,155
Ghana,GH,GHA,288,ISO 3166-2:GH,Africa,Western Africa,002,011
Greece,GR,GRC,300,ISO 3166-2:GR,Europe,Southern Europe,150,039
Greenland (Denmark),GL,GRL,304,ISO 3166-2:GL,North America,North America,019,021
Grenada,GD,GRD,308,ISO 3166-2:GD,North America,Caribbean,019,029
Guatemala,GT,GTM,320,ISO 3166-2:GT,North America,Central America,019,013
Guinea,GN,GIN,324,ISO 3166-2:GN,Africa,Western Africa,002,011
Guinea-Bissau,GW,GNB,624,ISO 3166-2:GW,Africa,Western Africa,002,011
Guyana,GY,GUY,328,ISO 3166-2:GY,South America,South America,019,005
Haiti,HT,HTI,332,ISO 3166-2:HT,North America,Caribbean,019,029
Honduras,HN,HND,340,ISO 3166-2:HN,North America,Central America,019,013
Hungary,HU,HUN,348,ISO 3166-2:HU,Europe,Eastern Europe,150,151
Iceland,IS,ISL,352,ISO 3166-2:IS,Europe,Northern Europe,150,154
India,IN,IND,356,ISO 3166-2:IN,Asia,Southern Asia,142,034
Indonesia,ID,IDN,360,ISO 3166-2:ID,Asia,South East Asia,142,035
Iran,IR,IRN,364,ISO 3166-2:IR,Middle East,Middle East,142,034
Iraq,IQ,IRQ,368,ISO 3166-2:IQ,Middle East,Middle East,142,145
Ireland,IE,IRL,372,ISO 3166-2:IE,Europe,Northern Europe,150,154
Israel,IL,ISR,376,ISO 3166-2:IL,Middle East,Middle East,142,145
Italy,IT,ITA,380,ISO 3166-2:IT,Europe,Southern Europe,150,039
Jamaica,JM,JAM,388,ISO 3166-2:JM,North America,Caribbean,019,029
Japan,JP,JPN,392,ISO 3166-2:JP,Asia,Eastern Asia,142,030
Jordan,JO,JOR,400,ISO 3166-2:JO,Middle East,Middle East,142,145
Kazakhstan,KZ,KAZ,398,ISO 3166-2:KZ,Asia,Central Asia,142,143
Kenya,KE,KEN,404,ISO 3166-2:KE,Africa,Eastern Africa,002,014
Kiribati,KI,KIR,296,ISO 3166-2:KI,Oceania,Micronesia,009,057
North Korea,KP,PRK,408,ISO 3166-2:KP,Asia,Eastern Asia,142,030
South Korea,KR,KOR,410,ISO 3166-2:KR,Asia,Eastern Asia,142,030
Kosovo, XK, XXK, 555, ISO 3166-2:XK, Europe,Southern Europe,150,039
Kuwait,KW,KWT,414,ISO 3166-2:KW,Middle East,Middle East,142,145
Kyrgyzstan,KG,KGZ,417,ISO 3166-2:KG,Asia,Central Asia,142,143
Laos,LA,LAO,418,ISO 3166-2:LA,Asia,South East Asia,142,035
Latvia,LV,LVA,428,ISO 3166-2:LV,Europe,Northern Europe,150,154
Lebanon,LB,LBN,422,ISO 3166-2:LB,Middle East,Middle East,142,145
Lesotho,LS,LSO,426,ISO 3166-2:LS,Africa,Southern Africa,002,018
Liberia,LR,LBR,430,ISO 3166-2:LR,Africa,Western Africa,002,011
Libya,LY,LBY,434,ISO 3166-2:LY,Africa,North Africa,002,015
Liechtenstein,LI,LIE,438,ISO 3166-2:LI,Europe,Western Europe,150,155
Lithuania,LT,LTU,440,ISO 3166-2:LT,Europe,Northern Europe,150,154
Luxembourg,LU,LUX,442,ISO 3166-2:LU,Europe,Western Europe,150,155
North Macedonia,MK,MKD,807,ISO 3166-2:MK,Europe,Southern Europe,150,039
Madagascar,MG,MDG,450,ISO 3166-2:MG,Africa,Eastern Africa,002,014
Malawi,MW,MWI,454,ISO 3166-2:MW,Africa,Eastern Africa,002,014
Malaysia,MY,MYS,458,ISO 3166-2:MY,Asia,South East Asia,142,035
Maldives,MV,MDV,462,ISO 3166-2:MV,Asia,Southern Asia,142,034
Mali,ML,MLI,466,ISO 3166-2:ML,Africa,Western Africa,002,011
Malta,MT,MLT,470,ISO 3166-2:MT,Europe,Southern Europe,150,039
Marshall Islands,MH,MHL,584,ISO 3166-2:MH,Oceania,Micronesia,009,057
Mauritania,MR,MRT,478,ISO 3166-2:MR,Africa,Western Africa,002,011
Mauritius,MU,MUS,480,ISO 3166-2:MU,Africa,Eastern Africa,002,014
Mexico,MX,MEX,484,ISO 3166-2:MX,North America,Central America,019,013
Micronesia (Federated States of),FM,FSM,583,ISO 3166-2:FM,Oceania,Micronesia,009,057
Moldova ,MD,MDA,498,ISO 3166-2:MD,Europe,Eastern Europe,150,151
Monaco,MC,MCO,492,ISO 3166-2:MC,Europe,Western Europe,150,155
Mongolia,MN,MNG,496,ISO 3166-2:MN,Asia,Eastern Asia,142,030
Montenegro,ME,MNE,499,ISO 3166-2:ME,Europe,Southern Europe,150,039
Morocco,MA,MAR,504,ISO 3166-2:MA,Africa,North Africa,002,015
Mozambique,MZ,MOZ,508,ISO 3166-2:MZ,Africa,Eastern Africa,002,014
Myanmar,MM,MMR,104,ISO 3166-2:MM,Asia,South East Asia,142,035
Namibia,NA,NAM,516,ISO 3166-2:NA,Africa,Southern Africa,002,018
Nauru,NR,NRU,520,ISO 3166-2:NR,Oceania,Micronesia,009,057
Nepal,NP,NPL,524,ISO 3166-2:NP,Asia,Southern Asia,142,034
Netherlands,NL,NLD,528,ISO 3166-2:NL,Europe,Western Europe,150,155
New Zealand,NZ,NZL,554,ISO 3166-2:NZ,Oceania,Oceania,009,053
Nicaragua,NI,NIC,558,ISO 3166-2:NI,North America,Central America,019,013
Niger,NE,NER,562,ISO 3166-2:NE,Africa,Western Africa,002,011
Nigeria,NG,NGA,566,ISO 3166-2:NG,Africa,Western Africa,002,011
Norway,NO,NOR,578,ISO 3166-2:NO,Europe,Northern Europe,150,154
Oman,OM,OMN,512,ISO 3166-2:OM,Middle East,Middle East,142,145
Pakistan,PK,PAK,586,ISO 3166-2:PK,Asia,Southern Asia,142,034
Palau,PW,PLW,585,ISO 3166-2:PW,Oceania,Micronesia,009,057
State of Palestine,PS,PSE,275,ISO 3166-2:PS,Middle East,Middle East,142,145
Panama,PA,PAN,591,ISO 3166-2:PA,North America,Central America,019,013
Papua New Guinea,PG,PNG,598,ISO 3166-2:PG,Oceania,Oceania,009,054
Paraguay,PY,PRY,600,ISO 3166-2:PY,South America,South America,019,005
Peru,PE,PER,604,ISO 3166-2:PE,South America,South America,019,005
Philippines,PH,PHL,608,ISO 3166-2:PH,Asia,South East Asia,142,035
Poland,PL,POL,616,ISO 3166-2:PL,Europe,Eastern Europe,150,151
Portugal,PT,PRT,620,ISO 3166-2:PT,Europe,Southern Europe,150,039
Puerto Rico,PR,PRI,630,ISO 3166-2:PR,North America,Caribbean,019,029
Qatar,QA,QAT,634,ISO 3166-2:QA,Middle East,Middle East,142,145
Romania,RO,ROU,642,ISO 3166-2:RO,Europe,Eastern Europe,150,151
Russian Federation,RU,RUS,643,ISO 3166-2:RU,Europe,Eastern Europe,150,151
Rwanda,RW,RWA,646,ISO 3166-2:RW,Africa,Eastern Africa,002,014
Saint Kitts and Nevis,KN,KNA,659,ISO 3166-2:KN,North America,Caribbean,019,029
Saint Lucia,LC,LCA,662,ISO 3166-2:LC,North America,Caribbean,019,029
Saint Vincent and the Grenadines,VC,VCT,670,ISO 3166-2:VC,North America,Caribbean,019,029
Samoa,WS,WSM,882,ISO 3166-2:WS,Oceania,Polynesia,009,061
San Marino,SM,SMR,674,ISO 3166-2:SM,Europe,Southern Europe,150,039
Sao Tome and Principe,ST,STP,678,ISO 3166-2:ST,Africa,Middle Africa,002,017
Saudi Arabia,SA,SAU,682,ISO 3166-2:SA,Middle East,Middle East,142,145
Senegal,SN,SEN,686,ISO 3166-2:SN,Africa,Western Africa,002,011
Serbia,RS,SRB,688,ISO 3166-2:RS,Europe,Southern Europe,150,039
Seychelles,SC,SYC,690,ISO 3166-2:SC,Africa,Eastern Africa,002,014
Sierra Leone,SL,SLE,694,ISO 3166-2:SL,Africa,Western Africa,002,011
Singapore,SG,SGP,702,ISO 3166-2:SG,Asia,South East Asia,142,035
Slovakia,SK,SVK,703,ISO 3166-2:SK,Europe,Eastern Europe,150,151
Slovenia,SI,SVN,705,ISO 3166-2:SI,Europe,Southern Europe,150,039
Solomon Islands,SB,SLB,090,ISO 3166-2:SB,Oceania,Oceania,009,054
Somalia,SO,SOM,706,ISO 3166-2:SO,Africa,Eastern Africa,002,014
South Africa,ZA,ZAF,710,ISO 3166-2:ZA,Africa,Southern Africa,002,018
South Georgia and the South Sandwich Islands,GS,SGS,239,ISO 3166-2:GS,,,,
South Sudan,SS,SSD,728,ISO 3166-2:SS,Africa,Eastern Africa,002,014
Spain,ES,ESP,724,ISO 3166-2:ES,Europe,Southern Europe,150,039
Sri Lanka,LK,LKA,144,ISO 3166-2:LK,Asia,Southern Asia,142,034
Sudan,SD,SDN,729,ISO 3166-2:SD,Africa,North Africa,002,015
Suriname,SR,SUR,740,ISO 3166-2:SR,South America,South America,019,005
Eswatini,SZ,SWZ,748,ISO 3166-2:SZ,Africa,Southern Africa,002,018
Sweden,SE,SWE,752,ISO 3166-2:SE,Europe,Northern Europe,150,154
Switzerland,CH,CHE,756,ISO 3166-2:CH,Europe,Western Europe,150,155
Syria,SY,SYR,760,ISO 3166-2:SY,Middle East,Middle East,142,145
Taiwan,TW,TWN,158,ISO 3166-2:TW,Asia,Eastern Asia,142,030
Tajikistan,TJ,TJK,762,ISO 3166-2:TJ,Asia,Central Asia,142,143
Tanzania,TZ,TZA,834,ISO 3166-2:TZ,Africa,Eastern Africa,002,014
Thailand,TH,THA,764,ISO 3166-2:TH,Asia,South East Asia,142,035
Timor-Leste,TL,TLS,626,ISO 3166-2:TL,Asia,South East Asia,142,035
Togo,TG,TGO,768,ISO 3166-2:TG,Africa,Western Africa,002,011
Tonga,TO,TON,776,ISO 3166-2:TO,Oceania,Polynesia,009,061
Trinidad and Tobago,TT,TTO,780,ISO 3166-2:TT,North America,Caribbean,019,029
Tunisia,TN,TUN,788,ISO 3166-2:TN,Africa,North Africa,002,015
Turkey,TR,TUR,792,ISO 3166-2:TR,Middle East,Middle East,142,145
Turkmenistan,TM,TKM,795,ISO 3166-2:TM,Asia,Central Asia,142,143
Tuvalu,TV,TUV,798,ISO 3166-2:TV,Oceania,Polynesia,009,061
Uganda,UG,UGA,800,ISO 3166-2:UG,Africa,Eastern Africa,002,014
Ukraine,UA,UKR,804,ISO 3166-2:UA,Europe,Eastern Europe,150,151
United Arab Emirates,AE,ARE,784,ISO 3166-2:AE,Middle East,Middle East,142,145
United Kingdom,GB,GBR,826,ISO 3166-2:GB,Europe,Northern Europe,150,154
United States of America,US,USA,840,ISO 3166-2:US,North America,North America,019,021
Uruguay,UY,URY,858,ISO 3166-2:UY,South America,South America,019,005
Uzbekistan,UZ,UZB,860,ISO 3166-2:UZ,Asia,Central Asia,142,143
Vanuatu,VU,VUT,548,ISO 3166-2:VU,Oceania,Oceania,009,054
Venezuela,VE,VEN,862,ISO 3166-2:VE,South America,South America,019,005
Vietnam,VN,VNM,704,ISO 3166-2:VN,Asia,South East Asia,142,035
Western Sahara,EH,ESH,732,ISO 3166-2:EH,Africa,North Africa,002,015
Yemen,YE,YEM,887,ISO 3166-2:YE,Middle East,Middle East,142,145
Zambia,ZM,ZMB,894,ISO 3166-2:ZM,Africa,Eastern Africa,002,014
Zimbabwe,ZW,ZWE,716,ISO 3166-2:ZW,Africa,Eastern Africa,002,014